CHROM,POS,ID,REF,ALT,INFO,PROJ
9,108912753,1249382,G,GT,"ALLELEID=1238473;CLNDISDB=MedGen:C3661900;CLNDN=not_provided;CLNHGVS=NC_000009.12:g.108912769dup;CLNREVSTAT=criteria_provided,_single_submitter;CLNSIG=Benign;CLNVC=Duplication;CLNVCSO=SO:1000035;GENEINFO=ELP1:8518;MC=SO:0001627|intron_variant;ORIGIN=1;RS=554750757",clinvar
7,76066259,2868110,C,T,"ALLELEID=3020423;CLNDISDB=MedGen:C3661900;CLNDN=not_provided;CLNHGVS=NC_000007.14:g.76066259C>T;CLNREVSTAT=criteria_provided,_single_submitter;CLNSIG=Likely_benign;CLNVC=single_nucleotide_variant;CLNVCSO=SO:0001483;GENEINFO=MDH2:4191;MC=SO:0001627|intron_variant;ORIGIN=1",clinvar
10,43128133,1983101,C,G,"ALLELEID=2046161;CLNDISDB=MONDO:MONDO:0019003,MedGen:C4048306,Orphanet:653;CLNDN=Multiple_endocrine_neoplasia,_type_2;CLNHGVS=NC_000010.11:g.43128133C>G;CLNREVSTAT=criteria_provided,_single_submitter;CLNSIG=Uncertain_significance;CLNVC=single_nucleotide_variant;CLNVCSO=SO:0001483;GENEINFO=RET:5979;MC=SO:0001583|missense_variant;ORIGIN=1",clinvar
1,201087921,294771,A,G,"AF_EXAC=0.00001;ALLELEID=278460;CLNDISDB=MONDO:MONDO:0011163,MedGen:C1866077,OMIM:601887,Orphanet:423|MONDO:MONDO:0042979,MedGen:C3714580,OMIM:170400,Orphanet:681;CLNDN=Malignant_hyperthermia,_susceptibility_to,_5|Hypokalemic_periodic_paralysis,_type_1;CLNHGVS=NC_000001.11:g.201087921A>G;CLNREVSTAT=criteria_provided,_conflicting_classifications;CLNSIG=Conflicting_classifications_of_pathogenicity;CLNSIGCONF=Uncertain_significance(1)|Likely_benign(1);CLNVC=single_nucleotide_variant;CLNVCSO=SO:0001483;CLNVI=ClinGen:CA084059;GENEINFO=CACNA1S:779;MC=SO:0001819|synonymous_variant;ORIGIN=1;RS=760398733",clinvar
17,61683530,1732206,T,C,"ALLELEID=1789237;CLNDISDB=MONDO:MONDO:0015356,MeSH:D009386,MedGen:C0027672,Orphanet:140162;CLNDN=Hereditary_cancer-predisposing_syndrome;CLNHGVS=NC_000017.11:g.61683530T>C;CLNREVSTAT=criteria_provided,_multiple_submitters,_no_conflicts;CLNSIG=Likely_benign;CLNVC=single_nucleotide_variant;CLNVCSO=SO:0001483;GENEINFO=BRIP1:83990;MC=SO:0001819|synonymous_variant;ORIGIN=1",clinvar
13,33065695,311727,T,G,"ALLELEID=334288;CLNDISDB=MONDO:MONDO:0060715,MedGen:C4693864,OMIM:617994;CLNDN=Tumoral_calcinosis,_hyperphosphatemic,_familial,_3;CLNHGVS=NC_000013.11:g.33065695T>G;CLNREVSTAT=criteria_provided,_single_submitter;CLNSIG=Uncertain_significance;CLNVC=single_nucleotide_variant;CLNVCSO=SO:0001483;CLNVI=ClinGen:CA10643207;GENEINFO=KL:9365;MC=SO:0001624|3_prime_UTR_variant;ORIGIN=1;RS=886050126",clinvar
17,29055217,3213202,A,G,"ALLELEID=3368853;CLNDISDB=MedGen:CN169374;CLNDN=not_specified;CLNHGVS=NC_000017.11:g.29055217A>G;CLNREVSTAT=criteria_provided,_single_submitter;CLNSIG=Uncertain_significance;CLNVC=single_nucleotide_variant;CLNVCSO=SO:0001483;GENEINFO=PIPOX:51268;MC=SO:0001583|missense_variant;ORIGIN=1",clinvar
14,38209841,3170501,T,C,"ALLELEID=3327149;CLNDISDB=MedGen:CN169374;CLNDN=not_specified;CLNHGVS=NC_000014.9:g.38209841T>C;CLNREVSTAT=criteria_provided,_single_submitter;CLNSIG=Uncertain_significance;CLNVC=single_nucleotide_variant;CLNVCSO=SO:0001483;GENEINFO=SSTR1:6751;MC=SO:0001583|missense_variant;ORIGIN=1",clinvar
15,42389022,2585261,G,GATGCTCCTAGTGACATGTACAAGATCATGAAGAAA,"ALLELEID=2752823;CLNDISDB=MONDO:MONDO:0009675,MedGen:C1869123,OMIM:253600,Orphanet:267;CLNDN=Autosomal_recessive_limb-girdle_muscular_dystrophy_type_2A;CLNHGVS=NC_000015.10:g.42389023_42389057dup;CLNREVSTAT=criteria_provided,_single_submitter;CLNSIG=Likely_pathogenic;CLNVC=Duplication;CLNVCSO=SO:1000035;GENEINFO=CAPN3:825;MC=SO:0001587|nonsense,SO:0001589|frameshift_variant;ORIGIN=1",clinvar
20,63688197,2930476,C,T,"ALLELEID=3087435;CLNDISDB=MONDO:MONDO:0014076,MedGen:C3554656,OMIM:615190|MONDO:MONDO:0014613,MedGen:C4225346,OMIM:616373,Orphanet:2032;CLNDN=Dyskeratosis_congenita,_autosomal_recessive_5|Pulmonary_fibrosis_and/or_bone_marrow_failure,_Telomere-related,_3;CLNHGVS=NC_000020.11:g.63688197C>T;CLNREVSTAT=criteria_provided,_single_submitter;CLNSIG=Likely_benign;CLNVC=single_nucleotide_variant;CLNVCSO=SO:0001483;GENEINFO=RTEL1:51750|RTEL1-TNFRSF6B:100533107;MC=SO:0001627|intron_variant;ORIGIN=1",clinvar
19,50045372,2530661,A,T,"ALLELEID=2699204;CLNDISDB=MedGen:CN169374;CLNDN=not_specified;CLNHGVS=NC_000019.10:g.50045372A>T;CLNREVSTAT=criteria_provided,_single_submitter;CLNSIG=Uncertain_significance;CLNVC=single_nucleotide_variant;CLNVCSO=SO:0001483;GENEINFO=ZNF473:25888;MC=SO:0001583|missense_variant;ORIGIN=1",clinvar